{
  "add to db-0" : {
    "transaction" : "add to db-0",
    "sampleCount" : 30000,
    "errorCount" : 0,
    "errorPct" : 0.0,
    "meanResTime" : 212.13593333333316,
    "minResTime" : 5.0,
    "maxResTime" : 7834.0,
    "pct1ResTime" : 713.9000000000015,
    "pct2ResTime" : 1165.9500000000007,
    "pct3ResTime" : 3486.0,
    "throughput" : 93.1118925612909,
    "receivedKBytesPerSec" : 18.27517602512314,
    "sentKBytesPerSec" : 26.824226860918767
  },
  "Total" : {
    "transaction" : "Total",
    "sampleCount" : 93646,
    "errorCount" : 14668,
    "errorPct" : 15.663242,
    "meanResTime" : 329.7199987185767,
    "minResTime" : 5.0,
    "maxResTime" : 58184.0,
    "pct1ResTime" : 649.0,
    "pct2ResTime" : 1189.9500000000007,
    "pct3ResTime" : 3094.850000000024,
    "throughput" : 287.88819684831196,
    "receivedKBytesPerSec" : 4202.647592594479,
    "sentKBytesPerSec" : 78.39274815566148
  },
  "add to db" : {
    "transaction" : "add to db",
    "sampleCount" : 30000,
    "errorCount" : 6972,
    "errorPct" : 23.24,
    "meanResTime" : 461.6843666666652,
    "minResTime" : 12.0,
    "maxResTime" : 11356.0,
    "pct1ResTime" : 1587.0,
    "pct2ResTime" : 2392.850000000002,
    "pct3ResTime" : 4719.960000000006,
    "throughput" : 93.10958066548521,
    "receivedKBytesPerSec" : 1866.3338166868273,
    "sentKBytesPerSec" : 38.91689504377702
  },
  "clear" : {
    "transaction" : "clear",
    "sampleCount" : 300,
    "errorCount" : 3,
    "errorPct" : 1.0,
    "meanResTime" : 276.3999999999999,
    "minResTime" : 7.0,
    "maxResTime" : 7660.0,
    "pct1ResTime" : 529.5000000000005,
    "pct2ResTime" : 1148.7999999999997,
    "pct3ResTime" : 4218.4200000000055,
    "throughput" : 0.9373330375526859,
    "receivedKBytesPerSec" : 1.5999286357586304,
    "sentKBytesPerSec" : 0.11167444392717546
  },
  "send-0" : {
    "transaction" : "send-0",
    "sampleCount" : 23,
    "errorCount" : 0,
    "errorPct" : 0.0,
    "meanResTime" : 13.130434782608694,
    "minResTime" : 6.0,
    "maxResTime" : 71.0,
    "pct1ResTime" : 27.6,
    "pct2ResTime" : 62.39999999999988,
    "pct3ResTime" : 71.0,
    "throughput" : 0.07186309767444767,
    "receivedKBytesPerSec" : 0.012983079169700018,
    "sentKBytesPerSec" : 0.00849163556504704
  },
  "send-1" : {
    "transaction" : "send-1",
    "sampleCount" : 23,
    "errorCount" : 0,
    "errorPct" : 0.0,
    "meanResTime" : 233.2608695652174,
    "minResTime" : 6.0,
    "maxResTime" : 2273.0,
    "pct1ResTime" : 990.4000000000003,
    "pct2ResTime" : 2038.3999999999967,
    "pct3ResTime" : 2273.0,
    "throughput" : 0.0718628731401576,
    "receivedKBytesPerSec" : 0.21538113490223526,
    "sentKBytesPerSec" : 0.008210894684959414
  },
  "HTTP Request" : {
    "transaction" : "HTTP Request",
    "sampleCount" : 3000,
    "errorCount" : 662,
    "errorPct" : 22.066668,
    "meanResTime" : 253.1503333333334,
    "minResTime" : 6.0,
    "maxResTime" : 7651.0,
    "pct1ResTime" : 616.9000000000001,
    "pct2ResTime" : 930.0,
    "pct3ResTime" : 2541.869999999997,
    "throughput" : 9.322850306100252,
    "receivedKBytesPerSec" : 182.47986361446905,
    "sentKBytesPerSec" : 1.0652084822399701
  },
  "send" : {
    "transaction" : "send",
    "sampleCount" : 300,
    "errorCount" : 59,
    "errorPct" : 19.666666,
    "meanResTime" : 7762.650000000002,
    "minResTime" : 10.0,
    "maxResTime" : 58184.0,
    "pct1ResTime" : 22626.90000000002,
    "pct2ResTime" : 27893.649999999998,
    "pct3ResTime" : 43430.17000000003,
    "throughput" : 0.9285137280754695,
    "receivedKBytesPerSec" : 325.2516368923265,
    "sentKBytesPerSec" : 0.1178505168339539
  },
  "add to db-1" : {
    "transaction" : "add to db-1",
    "sampleCount" : 30000,
    "errorCount" : 6972,
    "errorPct" : 23.24,
    "meanResTime" : 249.51723333333123,
    "minResTime" : 6.0,
    "maxResTime" : 7834.0,
    "pct1ResTime" : 757.0,
    "pct2ResTime" : 1142.0,
    "pct3ResTime" : 3401.980000000003,
    "throughput" : 93.1118925612909,
    "receivedKBytesPerSec" : 1848.1049814280573,
    "sentKBytesPerSec" : 12.093634483058292
  }
}